<?xml version="1.0" encoding="utf-8"?>
<extension type="module" version="3.1.0" client="site" method="upgrade">
	<name>MOD_LASTFM</name>
	<author>Otterly Useless</author>
	<creationDate>February 2022</creationDate>
	<copyright>Copyright (C) 2013 - 2022 Otterly Useless. All rights reserved.</copyright>
	<license>MIT License; see LICENSE.txt</license>
	<authorEmail>webmaster@southernanime.com</authorEmail>
	<authorUrl>https://www.southernanime.com</authorUrl>
	<version>0.1.6</version>
	<description>MOD_LASTFM_XML_DESCRIPTION</description>

	<files>
		<folder>language</folder>
		<folder>tmpl</folder>
		<filename>helper.php</filename>
		<filename module="mod_lastfm">mod_lastfm.php</filename>
		<filename>mod_lastfm.xml</filename>
	</files>

	<languages>
		<language tag="en-GB">language/en-GB/en-GB.mod_lastfm.ini</language>
		<language tag="en-GB">language/en-GB/en-GB.mod_lastfm.sys.ini</language>
	</languages>

	<config>
		<fields name="params">
			<fieldset name="basic">
				<field name="lastfm_apikey" type="password" label="MOD_LASTFM_FIELD_LASTFM_APIKEY_LABEL"
					description="MOD_LASTFM_FIELD_LASTFM_APIKEY_DESC" filter="raw" autocomplete="new-password" />

				<field name="lastfm_username" type="text" label="MOD_LASTFM_FIELD_LASTFM_USERNAME_LABEL"
					description="MOD_LASTFM_FIELD_LASTFM_USERNAME_DESC" filter="string" autocomplete="new-password" />
			</fieldset>

			<fieldset name="advanced">
				<field name="layout" type="modulelayout" label="JFIELD_ALT_LAYOUT_LABEL"
					description="JFIELD_ALT_MODULE_LAYOUT_DESC" />

				<field name="moduleclass_sfx" type="text" label="COM_MODULES_FIELD_MODULECLASS_SFX_LABEL"
					description="COM_MODULES_FIELD_MODULECLASS_SFX_DESC" />
			</fieldset>
		</fields>
	</config>
</extension>
